motor,pwm,counts_start,counts_end,elapsed_s,rpm
1,40,-182,-70,0.7561,9.897
1,60,59,263,0.7571,18.004
1,80,453,744,0.7562,25.71
1,100,997,1375,0.7574,33.344
1,-40,1352,1236,0.7576,-10.23
1,-60,1107,900,0.7565,-18.281
1,-80,709,409,0.7567,-26.489
1,-100,149,-238,0.7575,-34.133
2,40,-155,-155,0.7566,0.0
2,60,-105,29,0.7563,11.839
2,80,165,430,0.7565,23.404
2,100,673,968,0.7566,26.053
2,-40,929,869,0.7566,-5.298
2,-60,761,569,0.7563,-16.962
2,-80,368,80,0.7568,-25.428
2,-100,-130,-520,0.7585,-34.354
3,40,-187,-84,0.7564,9.099
3,60,31,230,0.7566,17.573
3,80,412,692,0.7579,24.685
3,100,938,1300,0.8025,30.138
3,-40,1291,1175,0.7565,-10.245
3,-60,1039,827,0.7567,-18.72
3,-80,627,324,0.7565,-26.761
3,-100,62,-325,0.7572,-34.148
1,120,272,739,0.7571,41.215
1,140,1125,1652,0.7561,46.571
1,-120,1442,941,0.756,-44.276
1,-140,563,-41,0.7562,-53.37
2,120,293,726,0.7565,38.245
2,140,1131,1641,0.7563,45.058
2,-120,1437,939,0.7556,-44.038
2,-140,500,-100,0.7571,-52.949
3,120,280,752,0.7565,41.688
3,140,1205,1762,0.7565,49.197
3,-120,1585,1101,0.7571,-42.716
3,-140,672,99,0.7564,-50.612
